39.24433440606624,130,26,5
-2.64,-1.99,-1.21,-1.56,-1.71,
38.57729476060255,87,5,5
-2.01,-1.69,-1.62,-1.4,-1.19,
38.03152072148828,18,16,5
-2.16,-2.3,-2.24,-2.01,-1.74,
37.83779100424523,27,2,5
-1.61,-1.87,-1.97,-1.91,-1.44,
37.83487902703723,116,13,5
-3.14,-3.2,-2.75,-2.22,-1.68,
37.69618096231498,102,32,5
-3.5,-2.68,-2.64,-1.98,-2.31,
37.441524491044774,55,13,5
-3.33,-3.26,-2.95,-2.26,-1.34,
37.37578912625527,137,22,5
-1.46,-1.49,-1.54,-1.67,-1.86,
37.37224985880452,122,35,5
-0.85,-1.81,-3.06,-3.93,-4.39,
37.30670619798183,80,25,5
-2.93,-2.8,-2.75,-2.21,-1.36,
37.2649071156843,17,26,5
-3.71,-3.5,-2.98,-2.34,-1.61,
37.25153563841303,67,8,5
-1.45,-1.58,-1.78,-2.05,-2.32,
37.20362879364661,136,7,5
-0.47,-1.39,-2.55,-3.45,-4.13,
37.19498844093473,4,17,5
-3.86,-3.31,-2.78,-2.0,-1.33,
37.17372837929358,38,30,5
-3.54,-3.12,-2.63,-1.94,-1.16,
37.11232127440931,81,4,5
-1.42,-1.49,-1.64,-1.87,-2.21,
37.0918555614904,115,6,5
-3.87,-3.06,-2.13,-1.18,-0.44,
37.07460928381004,55,0,5
-1.98,-2.1,-2.29,-2.44,-2.61,
37.07342380714269,101,35,5
-3.47,-3.58,-3.53,-2.52,-1.54,
37.03230160819689,136,17,5
-3.78,-3.29,-2.65,-1.85,-1.03,
36.83255830225571,137,30,5
-3.54,-4.23,-3.87,-2.46,-0.23,
36.80320582048218,59,27,5
-3.87,-3.73,-3.13,-2.18,-1.03,
36.78839831962577,38,22,5
-1.29,-2.12,-3.04,-3.28,-3.34,
36.761051511882606,25,25,5
-3.88,-3.52,-2.65,-1.25,-0.13,
36.697080706193454,130,18,5
-1.36,-1.47,-1.54,-1.48,-1.31,
36.598811021133876,17,17,5
-0.92,-1.83,-2.52,-2.89,-3.12,
36.46348962920406,109,13,5
-1.49,-1.73,-1.18,-1.17,-1.22,
36.233724399456094,25,12,5
-1.16,-1.42,-1.73,-2.09,-2.6,
36.225225655720344,53,8,5
-1.3,-1.55,-2.02,-2.58,-3.06,
36.17135785092406,39,14,5
-4.34,-4.58,-3.67,-2.73,-0.23,
36.16690269116223,80,17,5
-1.14,-1.64,-2.41,-3.3,-4.03,
36.147872151841575,39,8,5
-1.31,-1.68,-2.27,-2.85,-3.32,
36.10744817408192,59,22,5
-1.49,-1.91,-2.46,-3.02,-3.49,
35.96339704586682,101,26,5
-1.06,-1.53,-2.25,-2.94,-3.55,
35.91520178808132,102,26,5
-1.11,-1.38,-1.85,-2.42,-2.96,
35.79213943475176,81,13,5
-4.42,-3.9,-3.22,-1.9,1.4,
35.70251749822945,116,2,5
-1.18,-1.56,-2.21,-3.01,-3.71,
35.684943053216564,52,35,5
-1.17,-1.56,-1.73,-1.32,-1.09,
35.571460911559704,4,7,5
-1.13,-1.54,-2.22,-3.11,-3.93,
35.40972214840397,55,5,5
-2.82,-3.0,-3.14,-3.19,-3.22,
35.0825181658106,18,11,5
-1.08,-1.13,-1.33,-1.63,-1.95,
34.116013656480995,90,2,5
-1.21,-1.3,-1.3,-1.3,-1.23,
33.799458325417866,129,7,5
-2.9,-5.4,-1.43,0.34,0.4,
33.7971426157722,53,16,5
-4.91,-5.52,-5.83,-3.8,0.24,
33.748567059265476,67,18,5
-5.31,-4.61,-3.97,-1.31,1.99,
33.49602492136991,116,8,5
-4.39,-4.26,-4.02,-3.44,-3.23,
32.89131214417834,25,20,5
-4.64,-4.49,-3.92,-3.5,-3.81,
32.049442793931874,67,13,5
-2.74,-3.16,-3.61,-4.41,-5.24,
31.972938521486004,136,12,5
-4.26,-4.24,-4.18,-4.04,-4.0,
30.76338507554567,115,1,5
-4.37,-4.43,-4.59,-4.68,-4.47,
30.301868671746632,4,12,5
-4.7,-5.24,-5.07,-5.0,-4.37,
29.901271442750716,67,3,5
-0.85,-1.08,-1.25,-1.31,-1.38,
29.8854831789166,95,0,5
-2.09,-1.66,-1.11,-0.57,-0.03,
29.001313232351034,31,24,5
-0.32,-4.01,-2.26,-0.05,-0.17,
27.268987475388467,137,17,5
-0.64,-0.95,-1.21,-1.41,-1.46,
25.831229300968623,95,35,5
-0.68,-0.96,-1.18,-1.35,-1.29,
25.710854609434957,87,10,5
-1.3,-1.12,-0.91,-0.82,-0.67,
25.349589925470703,108,0,5
-4.12,-3.08,0.03,0.5,0.0,
22.4127000374873,108,6,5
-1.3,-1.18,-0.77,-0.52,-0.34,
21.547992826768294,10,21,5
-2.15,-2.43,-0.44,0.42,-0.04,
21.522171536723675,125,20,5
-0.99,-1.04,-1.01,-0.94,-0.79,
21.476356191485877,39,19,5
2.15,3.47,3.23,2.49,1.58,
21.272631357476296,45,0,5
-0.94,-1.14,-1.04,-0.85,-0.65,
21.268503034192676,81,25,5
0.46,1.46,2.6,3.3,3.52,
21.218800072668216,53,33,5
3.53,2.98,2.45,1.91,1.32,
21.190423266395396,94,30,5
3.63,3.18,2.57,2.05,1.56,
21.154611940247904,81,18,5
4.07,4.59,3.79,2.36,1.04,
21.105861675697334,52,26,5
3.46,2.85,2.32,1.95,1.63,
21.091316369141367,67,35,5
2.97,2.96,2.87,2.68,2.2,
21.091098943092817,31,11,5
2.95,2.8,2.51,2.21,1.84,
21.074932395867,137,35,5
1.24,2.67,2.97,2.48,1.66,
21.067024575312814,73,20,5
3.34,3.03,2.67,2.37,2.15,
21.058502372064034,115,24,5
3.16,2.9,2.63,2.39,2.14,
20.953254680786376,67,25,5
4.42,3.68,2.76,2.13,1.95,
20.952212991795204,53,23,5
4.85,3.78,2.32,1.22,0.84,
20.950023668516717,136,35,5
2.96,2.96,3.01,3.0,2.77,
20.9238815694037,10,2,5
2.66,2.61,2.54,2.43,2.23,
20.91680392116418,94,12,5
2.7,2.83,2.89,2.88,2.89,
20.889162847030722,136,30,5
2.77,2.81,2.92,2.94,2.98,
20.854551676183053,53,28,5
1.26,2.09,2.84,3.3,3.53,
20.850882224992127,31,6,5
3.4,3.25,3.17,3.09,3.04,
20.836013888612012,115,15,5
2.57,2.88,3.07,3.24,3.34,
20.82118959810948,130,6,5
1.85,2.41,2.46,1.96,1.2,
20.818797657694038,94,17,5
2.89,2.92,2.97,3.1,3.24,
20.7363548558131,31,0,5
2.92,3.24,3.42,3.53,3.54,
20.73511643527131,67,30,5
2.11,2.33,2.54,2.81,2.96,
20.734404363939518,52,3,5
2.14,2.39,2.74,3.1,3.45,
20.72274502169359,81,30,5
3.13,2.45,1.78,1.46,1.25,
20.558511168129442,73,27,5
2.13,2.24,2.26,2.2,2.0,
20.549577096959354,94,22,5
3.42,3.6,3.72,3.72,3.82,
20.52242310795248,73,0,5
2.9,3.26,3.64,4.0,4.14,
20.515135453625412,59,35,5
2.05,2.27,2.15,1.96,1.8,
20.37098239993464,136,25,5
1.52,1.97,2.29,2.42,2.61,
20.366609875234488,115,34,5
2.06,2.08,1.97,1.8,1.56,
20.311558499928744,31,19,5
1.78,1.93,2.13,2.25,1.6,
20.21851722166587,52,8,5
3.72,3.96,4.11,4.31,4.48,
20.204773637564877,10,7,5
2.1,1.98,1.9,1.86,1.84,
20.153803043002355,17,35,5
1.52,1.88,2.1,2.26,2.41,
20.141969175569912,129,0,5
2.49,2.13,1.69,1.32,1.07,
20.047914593570837,115,29,5
1.96,1.91,1.85,1.96,2.05,
20.02452122196467,94,7,5
1.32,1.65,2.0,2.27,2.54,
19.975027517974816,10,12,5
1.87,1.87,1.82,1.76,1.72,
19.9705944830034,73,5,5
4.26,4.27,4.42,4.57,4.8,
19.90836822188663,73,15,5
5.28,5.03,4.62,4.21,3.79,
19.805769025556064,80,35,5
0.75,1.25,1.73,2.11,2.53,
19.76608318656861,39,3,5
-0.93,-0.91,-0.92,-0.96,-1.04,
19.754145064985536,52,13,5
4.59,4.74,4.82,4.88,4.94,
19.739549740105556,95,21,5
1.72,1.75,1.76,1.75,1.66,
19.7304431316096,52,21,5
5.3,5.24,4.99,4.59,4.05,
19.604304921147993,109,18,5
-1.01,-1.03,-0.95,-0.77,-0.57,
19.598827745807633,48,3,5
1.66,1.7,1.74,1.76,1.39,
19.405646448702154,73,10,5
5.0,5.2,5.38,5.44,5.44,
19.313401264231373,27,22,5
1.59,1.69,1.64,1.59,1.53,
19.21383628656508,55,22,5
1.53,1.6,1.65,1.64,1.56,
19.1481370379558,38,17,5
-0.89,-0.86,-1.02,-1.09,-0.78,
18.841132686759714,4,35,5
1.34,1.32,1.45,1.8,2.22,
18.826612224233205,18,27,5
-1.23,-0.79,-0.68,-0.73,-0.86,
18.56609387582895,4,27,5
1.42,1.56,1.57,1.47,1.37,
17.58646765862171,27,27,5
1.49,1.44,1.5,1.33,1.14,
17.5711531479952,74,6,5
0.46,1.63,1.98,1.62,0.71,
17.550411910944533,130,31,5
-1.34,-0.73,-0.68,-0.61,-0.4,
17.51094784125578,25,31,5
1.39,1.61,1.57,1.28,0.88,
17.42552517559839,95,9,5
1.43,1.38,1.36,1.4,1.39,
17.248207652844563,62,35,5
-0.46,-0.63,-0.84,-1.15,-1.65,
17.029969264204553,39,29,5
1.4,1.62,1.48,1.2,0.9,
16.889308567569117,87,0,5
0.23,-0.25,-0.71,-1.57,-2.31,
16.731153972160836,130,13,5
-0.53,-0.79,-1.0,-1.09,-1.24,
15.651725738243417,48,8,5
1.22,1.3,1.4,1.29,1.11,
15.50631753645112,46,8,5
1.23,1.39,1.63,1.25,0.62,
15.505050755132295,38,35,5
-0.44,0.29,1.05,1.78,2.45,
14.150277399801213,88,1,5
1.11,1.36,1.75,0.97,0.62,
13.964288245252353,53,3,5
-0.62,-0.73,-0.88,-1.01,-1.09,
13.66028120505321,76,4,5
-0.83,-0.89,-0.93,-0.64,-0.66,
13.587131532842214,55,27,5
1.46,1.31,1.18,1.04,0.94,
13.417177661471289,27,17,5
0.93,1.03,1.18,1.33,1.47,
13.399406511018666,116,32,5
1.14,1.19,1.22,1.22,1.15,
13.398392635120388,95,16,5
1.07,0.93,1.07,1.36,1.55,
13.015280073854505,18,21,5
-1.17,-1.09,-0.68,-0.24,-0.09,
12.793860417102676,116,24,5
1.1,1.21,1.2,1.2,1.1,
12.557913527045804,48,28,5
-0.79,-0.75,-0.85,-0.89,-0.79,
12.401073881934536,125,15,5
-0.72,-0.77,-0.83,-0.88,-0.9,
11.717326121284703,97,35,5
-0.61,-0.73,-0.82,-0.91,-1.02,
11.382200404092089,73,35,5
0.32,-0.26,-1.22,-1.36,-1.43,
10.846329840436775,60,0,5
1.85,1.43,1.02,0.46,0.16,
10.601513046759761,66,0,5
-1.06,-0.68,-0.58,-0.68,-0.48,
10.548828626332664,18,32,5
-0.9,-0.79,-0.68,-0.67,-0.56,
9.950398045460371,125,34,5
1.0,1.09,1.17,1.07,0.98,
9.811912656589799,95,26,5
1.52,1.33,1.09,0.7,0.26,
9.54214127021249,109,8,5
-0.24,-0.63,-0.99,-1.3,-0.72,
8.91331820924392,74,13,5
-0.35,-0.94,-1.17,-0.87,-0.21,
8.58339531659068,55,35,5
0.91,0.91,1.01,1.09,1.2,
8.207195384076865,118,13,10
0.57,0.5,0.49,0.42,0.45,0.41,0.31,0.28,0.12,0.01,
8.110988880548875,83,14,20
0.49,0.53,0.57,0.58,0.58,0.56,0.53,0.51,0.53,0.5,0.51,0.51,0.53,0.53,0.56,0.59,0.63,0.59,0.55,0.47,
8.043695780887688,83,4,10
0.5,0.45,0.42,0.43,0.37,0.36,0.36,0.36,0.39,0.47,
7.952470830425493,118,1,10
0.57,0.45,0.28,0.11,0.01,0.02,0.12,0.35,0.58,0.69,
7.659731435684173,12,13,20
0.22,0.25,0.34,0.39,0.47,0.48,0.62,0.63,0.71,0.75,0.76,0.82,0.71,0.73,0.67,0.65,0.57,0.4,0.33,0.17,
7.452096701491041,48,21,5
0.95,1.1,1.02,0.93,0.85,
7.446936701873377,19,22,15
0.07,0.11,0.11,0.14,0.14,0.17,0.14,0.16,0.19,0.29,0.35,0.5,0.66,0.76,0.83,
7.4381294090194725,90,10,20
0.09,0.3,0.51,0.55,0.63,0.69,0.72,0.71,0.81,0.85,0.92,0.93,0.94,0.96,0.99,0.95,0.95,0.94,0.91,0.88,
7.082617716865197,129,18,15
0.13,0.15,0.04,0.03,0.08,0.11,0.11,0.12,0.13,0.11,0.09,0.09,0.07,0.08,0.08,
7.079828690352834,12,0,11
0.65,0.48,0.29,0.11,0.06,-0.01,0.03,0.01,0.01,0.01,0.06,
7.050808640029912,24,6,15
0.1,0.05,0.11,0.11,0.12,0.11,0.08,0.1,0.12,0.11,0.04,0.07,0.09,0.05,0.06,
7.020079567187533,111,2,15
0.08,0.09,0.12,0.13,0.14,0.12,0.08,0.03,0.08,0.04,0.05,0.08,0.06,0.07,0.05,
6.98061278285175,108,18,15
0.01,0.04,0.06,0.07,0.07,0.13,0.08,0.12,0.05,0.11,0.13,0.1,0.03,0.04,0.02,
6.9503855616004575,118,25,15
-0.13,-0.15,-0.05,0.06,0.15,0.32,0.5,0.78,0.9,0.64,0.37,0.23,0.12,0.03,-0.03,
6.918423400742748,3,6,15
0.04,0.09,0.06,0.08,0.03,0.09,0.04,0.04,0.02,0.04,0.05,0.05,0.05,0.03,0.08,
6.910751421331193,138,0,15
0.12,0.07,0.01,0.02,0.03,0.01,0.06,0.08,0.06,0.05,0.03,0.04,0.04,0.08,0.05,
6.847693743281569,45,12,15
-0.01,-0.01,0.02,0.06,0.05,0.05,0.08,0.07,0.05,0.02,0.04,0.04,0.05,0.03,0.0,
6.827538301543865,59,17,5
-0.44,-0.54,-0.65,-0.83,-1.11,
6.800561768966908,20,7,15
0.05,0.05,0.07,0.07,0.06,0.01,0.0,0.06,0.04,-0.01,0.0,-0.02,-0.02,-0.01,0.02,
6.733786208992973,26,8,15
0.01,0.0,0.02,0.01,-0.02,0.03,0.01,0.0,0.01,-0.02,0.03,0.01,0.01,0.01,0.0,
6.732061337363214,138,16,20
-0.01,0.07,0.06,0.0,0.02,0.02,0.02,-0.01,-0.03,0.01,-0.01,0.01,-0.02,-0.03,-0.02,-0.03,-0.01,-0.02,-0.02,-0.02,
6.715220343437156,5,14,20
0.01,0.03,0.02,0.0,0.03,-0.01,-0.01,-0.04,-0.03,-0.03,-0.02,-0.01,-0.02,-0.03,-0.02,0.0,-0.03,0.02,-0.03,0.01,
6.69140947814285,133,9,20
-0.01,-0.03,-0.02,-0.05,0.02,-0.03,0.04,-0.04,-0.02,0.02,-0.03,0.0,-0.02,-0.01,0.02,0.0,-0.04,-0.04,0.02,0.01,
6.689982698220372,28,3,20
0.01,-0.01,0.01,-0.02,-0.03,-0.02,0.01,-0.01,-0.01,-0.03,-0.03,0.0,-0.01,0.0,-0.05,-0.03,-0.01,-0.04,-0.04,0.02,
6.6884941646722575,14,12,20
-0.01,-0.01,0.0,-0.03,0.01,0.02,-0.01,-0.03,-0.03,-0.02,-0.03,-0.01,-0.03,-0.03,-0.02,-0.05,0.01,-0.05,-0.01,0.0,
6.68116163200571,56,12,20
-0.02,0.0,0.01,0.0,-0.04,-0.01,0.01,-0.04,-0.01,-0.01,-0.05,-0.02,0.01,-0.03,-0.04,-0.02,-0.01,-0.04,0.01,-0.04,
6.679018635406407,49,0,20
-0.02,-0.01,0.0,-0.02,0.0,-0.01,0.0,-0.04,0.0,-0.03,0.0,-0.01,-0.03,-0.05,-0.05,-0.02,-0.04,-0.01,0.0,-0.02,
6.676829724662396,77,17,20
-0.02,-0.02,0.01,-0.01,-0.03,-0.01,0.02,-0.06,-0.04,0.0,-0.02,-0.04,-0.03,-0.02,0.01,-0.04,-0.04,-0.04,-0.03,0.0,
6.676794599476687,103,20,20
-0.02,0.02,-0.03,-0.03,0.0,-0.01,-0.03,-0.05,-0.05,-0.02,-0.01,-0.02,-0.01,0.0,-0.01,-0.01,0.0,-0.03,-0.03,0.0,
6.67675427985112,98,1,20
0.0,0.0,0.0,-0.04,-0.03,-0.04,-0.01,-0.03,0.0,-0.01,-0.03,-0.04,0.01,-0.02,0.0,-0.01,-0.06,-0.05,0.0,0.0,
6.676365721243932,105,20,20
-0.04,-0.02,-0.03,-0.02,-0.03,0.03,-0.02,0.02,-0.02,-0.02,-0.04,-0.03,-0.06,0.01,-0.04,-0.03,-0.02,-0.02,0.01,0.0,
6.673911311212812,114,2,20
-0.02,-0.02,-0.02,-0.02,-0.02,0.01,-0.02,0.02,-0.06,-0.02,-0.04,-0.02,-0.03,-0.03,-0.01,-0.08,-0.04,0.01,-0.03,0.01,
6.673676917099562,44,14,20
-0.01,-0.01,-0.02,-0.01,-0.02,0.01,-0.03,-0.01,-0.03,-0.02,-0.01,-0.03,-0.03,-0.03,-0.02,-0.01,-0.07,-0.02,0.01,-0.03,
6.673633374048433,112,4,20
0.01,-0.02,0.01,-0.03,-0.04,-0.01,-0.03,-0.03,-0.02,-0.05,-0.04,0.0,-0.01,-0.02,0.02,-0.04,-0.04,-0.02,-0.02,-0.01,
6.671527169889759,119,6,20
-0.02,-0.03,-0.03,-0.02,-0.03,0.0,0.02,-0.06,-0.03,-0.02,-0.03,-0.01,-0.02,0.0,-0.06,-0.01,-0.03,-0.02,0.0,0.0,
6.671208561408527,35,3,20
0.02,-0.02,0.01,-0.03,-0.02,-0.02,-0.04,-0.02,-0.02,-0.03,-0.04,-0.04,-0.02,-0.01,-0.04,0.01,-0.05,-0.01,0.0,-0.03,
6.670456768260897,0,16,20
-0.01,-0.01,-0.01,-0.02,-0.02,-0.02,-0.06,-0.02,-0.04,-0.04,-0.03,-0.02,-0.03,-0.02,-0.07,-0.02,-0.05,0.0,-0.02,0.04,
6.667065261813239,126,0,20
-0.01,-0.06,-0.01,0.0,-0.02,-0.03,-0.04,-0.01,-0.03,0.03,-0.02,-0.03,-0.01,-0.02,-0.06,-0.01,-0.01,-0.02,0.0,0.0,
6.666909548503683,134,3,20
-0.01,0.01,0.0,0.0,-0.01,-0.04,-0.01,-0.09,-0.05,-0.02,0.0,-0.02,-0.02,-0.04,-0.02,-0.04,-0.04,-0.04,-0.05,0.0,
6.664073861576533,70,18,20
-0.03,-0.01,0.0,-0.06,-0.01,-0.03,-0.02,-0.04,-0.01,-0.03,-0.03,-0.01,-0.04,-0.02,-0.01,-0.04,-0.04,-0.01,-0.01,0.0,
6.663770377079705,113,16,20
0.0,-0.02,-0.02,-0.04,-0.03,-0.02,0.01,0.0,-0.05,-0.04,-0.05,-0.03,-0.02,-0.03,-0.01,0.0,-0.02,-0.02,-0.03,-0.02,
6.66192802400106,1,13,20
0.0,-0.02,-0.01,-0.04,-0.01,0.0,-0.02,-0.04,-0.03,-0.03,-0.05,-0.05,0.0,-0.06,-0.01,-0.02,-0.01,-0.05,-0.01,-0.03,
6.661585336575218,105,0,20
0.0,-0.01,-0.02,-0.02,-0.04,-0.04,-0.04,-0.01,-0.02,-0.01,-0.04,-0.02,-0.02,-0.03,0.0,-0.03,-0.03,0.01,-0.01,-0.03,
6.660696530916548,7,8,20
0.01,-0.02,-0.02,-0.02,-0.04,-0.03,-0.03,-0.02,0.02,-0.06,-0.02,-0.03,-0.06,-0.03,-0.02,-0.05,-0.01,-0.02,-0.03,0.0,
6.658547705176869,15,16,20
-0.03,0.0,-0.02,-0.02,-0.01,0.0,-0.05,-0.01,-0.01,-0.04,-0.03,-0.02,-0.04,-0.05,-0.02,-0.03,-0.01,-0.03,-0.03,-0.03,
6.658537077999922,86,17,20
-0.02,-0.03,-0.04,-0.03,-0.02,-0.01,0.0,-0.03,-0.04,-0.01,-0.01,0.0,-0.05,-0.01,-0.02,-0.04,-0.01,-0.02,-0.01,-0.03,
6.6583812048355675,50,7,20
-0.01,-0.05,0.0,-0.07,-0.02,0.0,0.0,-0.03,-0.04,-0.04,-0.07,-0.03,-0.04,-0.03,-0.04,-0.01,-0.02,-0.02,-0.01,0.0,
6.657801252834207,42,18,20
-0.01,-0.04,-0.04,-0.05,-0.01,0.0,-0.03,-0.03,-0.02,-0.04,-0.01,-0.04,-0.04,-0.06,0.0,-0.02,-0.03,-0.03,0.01,0.0,
6.657784588914307,61,3,20
-0.01,-0.03,-0.03,-0.03,-0.04,0.0,-0.04,-0.01,-0.01,-0.02,-0.02,-0.03,-0.01,-0.03,-0.03,-0.06,-0.04,-0.05,-0.02,0.01,
6.657491103369914,36,16,20
0.0,0.0,0.0,-0.02,-0.06,-0.05,0.02,-0.06,-0.06,-0.02,-0.06,-0.02,-0.02,-0.03,-0.06,-0.03,-0.07,-0.02,-0.02,-0.01,
6.656302394542486,84,20,20
-0.04,-0.02,-0.01,-0.03,-0.03,-0.02,-0.03,0.0,0.0,-0.02,-0.02,-0.03,-0.07,-0.03,-0.03,-0.04,-0.04,-0.03,0.01,-0.02,
6.6561126848290835,121,6,20
-0.04,-0.01,-0.03,-0.04,0.01,-0.02,-0.02,-0.04,-0.01,-0.01,-0.05,-0.04,-0.03,-0.03,-0.03,-0.03,-0.03,-0.01,-0.01,-0.02,
6.6532620913635805,127,1,20
-0.02,0.02,-0.04,-0.04,-0.05,-0.03,-0.03,-0.02,-0.05,-0.04,-0.01,-0.03,-0.02,-0.02,-0.03,-0.04,-0.03,-0.01,-0.04,0.0,
6.653226955664614,72,1,20
-0.05,-0.02,-0.01,0.0,-0.05,-0.02,0.0,-0.03,-0.08,-0.03,-0.02,-0.01,-0.02,-0.04,-0.04,-0.02,-0.05,-0.03,-0.03,-0.01,
6.653177606084895,63,16,20
-0.04,0.0,-0.02,-0.02,0.0,-0.03,-0.03,-0.05,-0.03,-0.01,-0.01,-0.05,-0.02,-0.01,-0.04,-0.03,-0.02,-0.05,-0.02,-0.03,
6.6531512865950635,30,16,20
-0.02,-0.03,-0.03,-0.04,0.0,-0.02,0.01,-0.02,-0.06,-0.05,-0.04,-0.02,-0.06,-0.01,-0.04,-0.03,-0.05,-0.06,0.0,-0.01,
6.652980673903204,71,8,20
-0.02,-0.03,-0.01,-0.05,-0.04,-0.04,-0.01,-0.05,-0.02,-0.02,-0.03,0.0,-0.02,-0.03,-0.05,-0.03,-0.03,-0.03,0.01,-0.01,
6.651838562628094,21,20,20
-0.02,0.0,-0.04,-0.05,-0.06,-0.05,-0.01,-0.02,-0.03,-0.04,-0.03,-0.01,-0.02,-0.05,-0.03,-0.02,0.0,-0.04,0.02,-0.01,
6.651263341181552,51,5,20
-0.01,0.03,-0.02,-0.04,-0.07,-0.03,-0.03,-0.01,-0.03,-0.03,-0.02,-0.03,-0.06,-0.04,-0.05,-0.04,-0.07,-0.01,-0.03,-0.01,
6.651182830164201,78,5,20
-0.02,-0.06,-0.01,-0.02,-0.04,-0.01,-0.01,-0.02,-0.07,-0.02,-0.03,-0.04,-0.03,-0.01,-0.01,-0.01,-0.08,-0.01,-0.03,-0.01,
6.649687730790536,91,5,20
-0.06,-0.01,0.0,-0.02,-0.04,0.01,-0.01,-0.03,-0.04,-0.02,-0.05,-0.05,-0.04,-0.01,-0.02,-0.04,-0.05,-0.03,-0.02,-0.05,
6.648984609777387,8,14,20
-0.03,-0.02,-0.01,-0.04,-0.06,0.02,-0.02,-0.03,-0.03,-0.07,-0.02,-0.02,-0.02,-0.03,-0.01,-0.03,-0.04,-0.05,-0.05,-0.02,
6.648533772741345,120,9,20
-0.05,-0.01,-0.04,-0.02,-0.04,-0.01,0.01,-0.05,-0.03,-0.06,-0.04,0.0,-0.03,0.0,-0.03,-0.04,-0.05,0.0,-0.06,-0.01,
6.647553391852905,92,1,20
-0.06,0.0,-0.01,-0.04,-0.03,-0.01,-0.06,-0.03,-0.03,-0.02,-0.06,0.0,-0.07,-0.04,0.0,-0.04,-0.02,-0.03,-0.01,-0.02,
6.64677583747223,135,7,20
-0.05,-0.02,-0.02,-0.02,-0.02,-0.01,-0.05,-0.03,-0.07,-0.03,-0.03,-0.05,-0.02,0.02,-0.03,-0.03,-0.04,-0.01,-0.06,0.0,
6.645760981202959,64,15,20
-0.02,-0.02,-0.01,-0.02,-0.02,-0.04,-0.03,-0.06,-0.02,-0.03,-0.03,-0.04,-0.06,-0.01,-0.04,-0.04,-0.04,-0.03,-0.02,-0.02,
6.645478237454881,103,0,20
0.0,-0.02,-0.01,-0.07,-0.04,-0.03,-0.01,-0.05,-0.04,-0.04,-0.02,-0.03,-0.01,0.0,-0.02,-0.04,-0.04,-0.05,-0.02,-0.03,
6.644000669551195,107,1,20
0.0,-0.04,-0.03,-0.02,-0.03,-0.02,-0.02,-0.03,-0.02,-0.03,0.0,-0.01,-0.02,-0.01,-0.03,-0.05,-0.06,-0.06,-0.03,-0.04,
6.643500095266602,99,0,20
0.01,-0.02,-0.03,-0.02,-0.02,-0.03,-0.02,-0.03,-0.03,-0.03,-0.05,-0.04,-0.04,-0.05,-0.05,0.0,-0.04,-0.03,-0.04,-0.04,
6.64203427837077,57,0,20
-0.03,-0.01,-0.03,-0.03,-0.04,-0.01,-0.02,0.0,-0.08,-0.03,-0.02,-0.04,-0.05,-0.05,-0.03,-0.06,-0.05,-0.01,-0.03,-0.03,
6.64029896676314,16,10,20
-0.05,-0.06,-0.02,-0.01,-0.04,-0.02,-0.04,-0.05,-0.03,-0.03,-0.07,-0.02,-0.01,-0.01,-0.02,-0.04,-0.04,-0.03,0.0,0.0,
6.639137979861757,85,16,20
-0.01,-0.04,-0.04,-0.05,-0.06,0.0,0.0,-0.03,-0.08,-0.06,-0.04,-0.07,-0.03,-0.04,-0.01,-0.02,-0.02,-0.05,-0.03,0.0,
6.638275204065511,79,16,20
-0.03,-0.03,-0.06,-0.03,-0.04,-0.01,-0.02,-0.02,-0.03,-0.04,-0.04,-0.05,-0.03,-0.04,-0.02,-0.07,-0.01,-0.02,-0.01,-0.02,
6.637466759090502,126,20,20
-0.03,-0.05,-0.03,-0.02,-0.04,-0.02,-0.06,-0.05,-0.05,-0.03,-0.03,-0.04,-0.02,-0.01,-0.04,-0.03,-0.02,0.0,-0.01,-0.01,
6.6368443594146145,57,20,20
-0.04,-0.04,-0.03,-0.01,-0.04,0.0,-0.04,-0.02,-0.06,-0.01,-0.01,-0.03,-0.03,-0.01,-0.04,-0.02,-0.09,-0.05,-0.06,-0.01,
6.63652181360197,49,20,20
-0.04,-0.04,0.0,-0.06,-0.03,-0.05,-0.01,0.0,-0.03,-0.04,-0.03,0.0,0.0,-0.05,-0.03,-0.05,-0.01,-0.02,-0.04,-0.04,
6.636179548463195,106,12,20
-0.02,-0.01,-0.02,-0.03,-0.04,-0.02,-0.03,-0.02,-0.03,-0.04,-0.04,-0.03,-0.05,-0.03,-0.03,-0.03,-0.04,-0.05,-0.05,-0.04,
6.635767222832462,22,2,20
-0.03,-0.01,-0.02,-0.06,-0.02,-0.03,-0.05,-0.03,-0.03,-0.04,-0.06,-0.04,-0.03,0.0,-0.05,-0.03,-0.03,-0.03,-0.05,-0.01,
6.635460142351796,2,8,20
-0.01,-0.01,-0.03,0.0,-0.03,-0.04,-0.07,-0.02,-0.02,-0.02,-0.08,-0.03,-0.06,-0.05,-0.07,-0.03,-0.01,-0.04,-0.04,-0.02,
6.634314841237563,43,15,20
-0.04,-0.01,-0.03,-0.03,-0.03,-0.04,-0.05,-0.04,-0.03,-0.02,-0.05,-0.02,-0.03,-0.06,-0.03,-0.05,-0.02,-0.02,-0.03,-0.02,
6.634072133071625,99,20,20
-0.02,-0.03,-0.07,0.0,-0.02,-0.03,-0.03,-0.05,0.0,-0.05,-0.02,-0.02,-0.03,-0.04,-0.05,-0.02,-0.05,0.0,-0.03,-0.04,
6.633319730863451,21,0,20
-0.02,-0.04,-0.04,0.0,-0.04,0.0,-0.05,-0.04,-0.05,-0.04,-0.04,-0.02,-0.02,0.0,-0.02,-0.04,-0.03,-0.02,-0.04,-0.06,
6.63284704182595,114,25,15
-0.01,-0.03,0.0,0.01,-0.01,-0.02,-0.02,-0.01,0.01,-0.03,-0.06,-0.01,-0.02,-0.02,-0.02,
6.631304119558449,29,2,20
-0.03,-0.04,-0.02,-0.06,-0.03,-0.04,-0.01,-0.04,0.0,-0.05,-0.05,-0.03,-0.05,-0.07,0.0,-0.05,-0.03,-0.02,-0.05,-0.01,
6.6306119314567775,128,18,20
-0.02,-0.06,-0.04,-0.05,-0.03,-0.05,-0.01,-0.03,-0.06,-0.05,-0.05,-0.06,0.0,-0.05,-0.03,-0.03,-0.02,-0.02,-0.02,0.01,
6.630225026377507,33,19,20
-0.02,-0.05,-0.06,-0.04,-0.05,-0.03,-0.02,-0.02,-0.05,-0.04,-0.06,-0.02,-0.03,-0.06,-0.07,-0.05,-0.02,-0.03,0.0,0.01,
6.6290964257650975,9,20,20
-0.06,-0.02,-0.05,-0.06,-0.02,0.0,-0.01,-0.04,-0.03,-0.04,-0.03,-0.01,-0.03,-0.04,-0.03,-0.06,-0.01,-0.05,-0.02,-0.05,
6.628929788519844,23,0,20
-0.02,-0.03,-0.02,-0.05,-0.03,0.0,-0.03,-0.03,-0.06,-0.05,-0.04,-0.05,-0.04,-0.04,-0.04,-0.06,-0.01,-0.04,-0.05,-0.04,
6.627644835944117,47,4,20
-0.02,-0.01,-0.03,-0.04,-0.05,-0.02,-0.03,0.01,-0.1,-0.05,-0.05,-0.06,-0.05,-0.04,-0.01,-0.02,-0.04,-0.03,-0.03,-0.06,
6.627064318068252,124,12,20
-0.03,-0.01,-0.02,-0.02,-0.05,-0.07,-0.02,-0.06,-0.07,-0.03,-0.05,-0.02,-0.01,-0.03,-0.02,-0.04,-0.04,-0.06,-0.05,-0.02,
6.624723029731508,84,0,20
-0.03,-0.04,-0.02,-0.05,-0.01,-0.02,-0.05,-0.04,0.0,-0.02,-0.04,-0.02,-0.04,-0.03,-0.03,-0.03,-0.03,0.0,-0.06,-0.07,
6.621658590719901,54,11,20
-0.04,-0.08,-0.01,-0.03,-0.04,-0.04,-0.02,-0.06,-0.04,-0.05,-0.04,-0.05,-0.02,-0.03,-0.04,-0.05,-0.04,-0.01,-0.04,-0.01,
6.621256537496339,100,15,20
-0.03,-0.04,-0.03,-0.06,-0.04,-0.06,-0.05,-0.03,0.01,-0.03,-0.02,-0.07,-0.05,-0.03,-0.02,-0.07,-0.04,-0.03,-0.02,-0.01,
6.620624958433761,68,19,20
-0.06,-0.06,-0.04,0.0,-0.05,-0.02,-0.05,-0.04,-0.07,-0.04,-0.04,-0.03,-0.04,-0.03,0.01,-0.03,-0.05,-0.04,-0.04,-0.01,
6.619979364765914,96,0,20
-0.03,-0.02,-0.01,-0.02,-0.01,-0.04,-0.03,-0.03,-0.05,-0.03,-0.03,-0.05,-0.07,-0.06,-0.05,-0.04,-0.06,-0.07,-0.03,-0.07,
6.614946705925983,23,20,20
-0.03,-0.02,-0.06,-0.03,-0.02,-0.02,-0.05,-0.03,-0.03,-0.04,-0.05,-0.05,-0.04,-0.04,-0.07,-0.05,-0.02,-0.02,-0.04,-0.06,
6.613767609014302,37,0,20
-0.04,-0.02,-0.04,-0.06,-0.06,-0.02,-0.03,-0.02,-0.03,-0.06,-0.1,-0.05,-0.05,-0.04,-0.05,-0.06,-0.05,-0.05,-0.01,-0.03,
6.612859839559729,134,23,15
-0.01,-0.04,-0.02,-0.05,-0.03,0.0,-0.02,-0.03,-0.03,-0.02,-0.02,-0.01,-0.02,0.0,-0.02,
6.611606811736229,77,0,15
-0.01,-0.04,-0.04,-0.02,0.0,-0.01,-0.03,-0.03,-0.02,-0.02,-0.05,-0.02,0.0,-0.04,0.01,
6.608594559812203,58,20,20
-0.02,-0.05,-0.03,-0.04,-0.04,-0.04,-0.06,-0.05,-0.04,-0.05,-0.03,-0.06,-0.04,-0.02,-0.02,-0.08,-0.05,-0.03,-0.04,-0.04,
6.6067240785902115,82,9,20
-0.05,-0.01,-0.03,-0.03,-0.06,-0.07,-0.05,-0.02,-0.02,-0.07,-0.03,-0.04,-0.06,-0.05,-0.04,-0.03,-0.04,-0.03,-0.06,-0.04,
6.606221739841978,65,9,20
-0.02,-0.04,-0.05,-0.01,-0.05,-0.03,-0.06,-0.05,-0.05,-0.03,-0.06,-0.06,-0.06,-0.04,-0.06,-0.04,-0.06,-0.03,-0.04,-0.04,
6.604706485425106,111,17,20
-0.03,0.01,0.03,0.02,0.0,-0.05,-0.02,-0.07,-0.09,-0.04,-0.05,-0.07,-0.05,-0.09,-0.09,-0.1,-0.1,-0.06,-0.08,-0.09,
6.60398421760731,9,0,20
-0.03,-0.03,-0.05,-0.05,-0.02,-0.04,-0.06,-0.03,-0.06,-0.05,-0.04,-0.06,-0.01,-0.03,-0.05,-0.04,-0.04,-0.05,-0.05,-0.05,
6.599821600472436,75,18,20
-0.03,-0.04,-0.04,-0.05,-0.07,-0.04,-0.06,-0.04,-0.1,-0.06,-0.06,-0.04,-0.03,-0.04,0.0,-0.06,-0.04,-0.05,-0.04,-0.03,
6.598715966910067,98,23,15
-0.02,-0.01,-0.03,-0.07,-0.03,-0.06,-0.03,-0.01,-0.04,-0.01,0.0,-0.06,0.0,-0.01,-0.01,
6.598441902240059,70,0,15
0.0,-0.01,-0.05,-0.01,-0.02,-0.03,-0.03,-0.02,-0.05,-0.02,-0.01,-0.06,-0.01,-0.03,-0.01,
6.598344664174149,110,20,20
-0.06,-0.09,-0.06,-0.04,-0.04,-0.05,-0.07,-0.03,-0.05,-0.02,-0.03,-0.02,-0.03,-0.02,-0.01,-0.02,-0.03,-0.05,-0.03,0.0,
6.597098111542339,40,5,20
-0.03,-0.03,-0.02,-0.06,-0.05,-0.02,-0.06,-0.07,-0.04,-0.03,-0.03,-0.05,-0.08,-0.08,-0.06,-0.01,-0.08,-0.05,-0.05,-0.06,
6.594417366568094,37,20,20
-0.05,-0.05,-0.01,-0.08,-0.09,-0.02,-0.01,-0.03,-0.04,-0.06,-0.08,-0.06,-0.03,-0.05,-0.03,-0.05,-0.04,-0.02,-0.08,-0.06,
6.594254817281967,78,25,15
-0.05,-0.06,0.0,-0.02,-0.02,-0.01,-0.02,-0.06,-0.04,-0.03,-0.01,-0.06,-0.02,-0.01,0.02,
6.594231316193417,91,25,15
-0.05,-0.03,-0.05,-0.02,-0.02,-0.02,-0.03,-0.01,0.02,-0.02,-0.05,-0.03,0.0,-0.06,-0.02,
6.593581965114455,28,24,15
-0.05,0.02,-0.04,-0.03,-0.05,-0.04,-0.03,-0.04,-0.02,-0.02,0.0,-0.01,-0.04,-0.01,-0.03,
6.592384169079132,58,0,20
-0.06,-0.02,-0.03,-0.05,-0.03,-0.03,-0.06,-0.06,-0.06,-0.05,-0.05,-0.08,-0.06,-0.02,-0.06,-0.09,-0.05,-0.05,-0.01,-0.08,
6.585984162492883,131,4,20
-0.04,-0.04,-0.02,-0.04,-0.07,-0.03,-0.05,-0.02,-0.09,-0.02,-0.04,-0.05,-0.04,-0.09,-0.07,-0.08,-0.07,-0.08,-0.06,-0.06,
6.584962283275544,42,1,15
-0.03,-0.02,-0.02,-0.03,-0.04,-0.01,0.0,-0.01,-0.06,-0.09,-0.03,-0.01,-0.01,-0.03,-0.02,
6.5836537905014225,35,25,15
-0.04,0.01,-0.04,-0.03,-0.03,-0.02,0.0,-0.05,-0.05,-0.03,-0.04,-0.02,-0.05,-0.02,-0.01,
6.579953675804409,127,25,15
-0.03,-0.04,-0.02,0.0,-0.03,-0.01,-0.03,0.0,-0.07,-0.03,-0.05,-0.03,-0.03,-0.01,-0.04,
6.576849962305057,93,10,20
-0.07,-0.05,-0.03,-0.06,-0.06,-0.07,-0.07,-0.09,-0.08,-0.07,-0.06,-0.06,-0.05,-0.09,-0.04,-0.03,-0.03,-0.07,-0.04,0.0,
6.576516382348102,117,14,20
-0.05,-0.06,-0.04,-0.08,-0.06,-0.07,-0.04,-0.09,-0.09,-0.05,-0.04,-0.07,-0.02,-0.04,-0.05,-0.06,-0.02,-0.06,-0.04,-0.03,
6.575160636517651,30,1,15
-0.05,-0.02,-0.05,-0.07,-0.05,-0.01,-0.01,-0.01,-0.02,-0.06,-0.05,-0.05,0.0,-0.01,-0.01,
6.573578380378445,92,23,15
-0.03,-0.04,0.01,-0.03,-0.03,-0.04,-0.01,-0.06,-0.05,-0.04,-0.05,-0.04,-0.03,0.0,-0.01,
6.570422676673071,61,25,15
-0.06,-0.02,-0.06,-0.06,-0.03,-0.06,-0.04,-0.05,-0.03,-0.02,0.02,-0.03,0.0,-0.02,-0.02,
6.5680098118059815,64,0,15
-0.03,-0.04,-0.04,-0.03,0.0,-0.02,-0.03,-0.05,-0.03,-0.05,-0.01,-0.06,-0.04,0.0,-0.04,
6.567785947981771,19,7,15
-0.1,-0.05,-0.1,-0.12,-0.1,-0.04,-0.07,-0.07,-0.03,-0.07,0.01,0.03,0.05,0.07,0.07,
6.567113526842085,6,20,20
-0.05,-0.07,-0.08,-0.08,-0.07,-0.05,-0.08,0.0,-0.04,-0.05,-0.06,-0.07,-0.06,-0.07,-0.05,-0.04,-0.06,-0.06,-0.02,-0.03,
6.566649486047563,15,0,15
-0.03,-0.02,-0.04,-0.02,-0.01,-0.06,-0.04,-0.03,-0.01,-0.03,-0.04,-0.04,-0.07,-0.01,-0.03,
6.563068293835013,112,24,15
-0.02,-0.06,-0.01,-0.02,0.0,-0.03,0.0,-0.06,-0.02,-0.04,-0.01,-0.05,-0.06,-0.03,-0.06,
6.562204511643975,85,0,15
-0.03,-0.02,-0.04,-0.05,-0.07,-0.02,-0.03,-0.05,-0.04,-0.03,-0.02,0.02,-0.01,-0.03,-0.07,
6.561660725191598,51,25,15
-0.02,-0.02,-0.02,-0.02,-0.01,-0.01,-0.05,-0.01,-0.04,-0.07,-0.07,-0.06,-0.02,-0.04,-0.02,
6.560866008089841,0,0,15
-0.03,-0.02,-0.06,-0.03,-0.01,-0.05,-0.03,-0.02,-0.02,-0.04,-0.02,-0.02,-0.04,-0.04,-0.06,
6.559748141359727,89,20,20
-0.07,-0.06,-0.07,-0.06,-0.08,-0.06,-0.06,-0.06,-0.04,-0.05,-0.03,-0.07,-0.09,-0.07,-0.02,-0.07,-0.04,-0.04,-0.07,-0.04,
6.55942518739856,13,17,20
-0.07,-0.05,-0.06,-0.06,-0.08,-0.04,-0.05,-0.09,-0.09,-0.07,-0.05,-0.06,-0.08,-0.05,-0.06,-0.06,-0.02,-0.05,-0.07,-0.05,
6.557834814358595,20,23,15
-0.01,-0.03,-0.03,-0.04,-0.03,-0.02,-0.06,-0.06,-0.03,-0.04,-0.06,-0.01,-0.02,-0.03,-0.03,
6.556116551522389,62,5,20
-0.07,-0.05,-0.04,-0.04,-0.05,-0.01,-0.02,-0.02,-0.05,-0.03,-0.05,-0.09,-0.07,-0.11,-0.07,-0.11,-0.08,-0.08,-0.1,-0.11,
6.554129759302289,29,23,15
-0.04,-0.04,-0.06,-0.06,-0.01,-0.05,-0.04,-0.03,-0.04,-0.01,-0.05,-0.02,-0.05,-0.03,-0.01,
6.553486757439175,63,0,15
-0.03,0.0,-0.05,-0.05,-0.01,-0.04,-0.04,-0.02,-0.05,-0.07,-0.05,0.0,-0.04,-0.04,-0.03,
6.548746807129909,69,17,20
-0.04,-0.06,-0.05,-0.07,-0.06,-0.08,-0.04,-0.06,-0.07,-0.02,-0.06,-0.13,-0.08,-0.09,-0.11,-0.05,-0.06,-0.08,-0.06,-0.05,
6.548332222690241,96,20,20
-0.07,-0.09,-0.07,-0.05,-0.05,-0.04,-0.06,-0.07,-0.08,-0.06,-0.04,-0.08,-0.03,-0.06,-0.05,-0.04,-0.05,-0.08,-0.06,-0.08,
6.547541405464257,72,22,15
-0.02,-0.04,-0.03,-0.06,-0.01,-0.05,-0.06,-0.03,-0.06,-0.01,-0.03,-0.03,-0.02,-0.04,-0.05,
6.546733260663024,89,0,20
-0.08,-0.04,-0.06,-0.08,-0.1,-0.05,-0.04,-0.05,-0.05,-0.08,-0.08,-0.05,-0.06,-0.05,-0.08,-0.06,-0.09,-0.05,-0.07,-0.07,
6.546152456440707,22,22,15
-0.04,-0.05,-0.02,-0.07,-0.07,-0.02,-0.05,0.0,-0.04,-0.06,0.0,-0.03,-0.07,0.0,-0.04,
6.545011445075123,104,6,20
-0.05,-0.02,-0.06,-0.08,-0.07,-0.05,-0.03,-0.09,-0.11,-0.01,-0.03,-0.06,-0.07,-0.07,-0.07,-0.09,-0.09,-0.11,-0.11,-0.07,
6.541427297666931,6,0,20
-0.07,-0.05,-0.05,-0.07,-0.06,-0.1,-0.07,-0.09,-0.04,-0.08,-0.06,-0.08,-0.06,-0.07,-0.05,-0.04,-0.04,-0.07,-0.07,-0.07,
6.537396783359346,139,10,20
-0.08,-0.04,-0.06,-0.04,-0.08,-0.1,-0.07,-0.09,-0.09,-0.09,-0.05,-0.08,-0.06,-0.08,-0.06,-0.12,-0.08,-0.07,-0.07,-0.03,
6.535321823370897,36,0,15
-0.04,-0.02,-0.03,-0.03,-0.04,-0.07,-0.07,-0.02,-0.04,-0.06,-0.04,-0.04,-0.03,-0.06,0.0,
6.533089121722085,110,0,20
-0.07,-0.05,-0.08,-0.09,-0.07,-0.08,-0.09,-0.08,-0.03,-0.06,-0.02,-0.06,-0.07,-0.08,-0.03,-0.08,-0.07,-0.09,-0.08,-0.06,
6.526031133461963,79,0,15
-0.03,-0.03,-0.08,-0.07,-0.02,-0.03,-0.02,-0.06,-0.03,-0.07,-0.01,-0.05,-0.03,-0.07,-0.02,
6.524470495843457,24,21,15
0.03,0.08,0.03,0.04,0.0,0.02,-0.02,-0.06,-0.06,-0.04,-0.08,-0.08,-0.08,-0.13,-0.14,
6.521795976599265,47,24,15
-0.03,-0.03,-0.06,-0.03,-0.06,-0.06,-0.03,-0.06,-0.03,-0.05,-0.04,-0.04,-0.04,-0.02,-0.05,
6.521295317599433,128,0,15
-0.05,-0.02,-0.04,-0.08,-0.04,-0.05,-0.04,-0.04,-0.05,-0.04,-0.04,-0.05,-0.05,-0.01,-0.04,
6.521086093876575,43,0,15
-0.04,-0.03,-0.06,-0.04,-0.08,-0.02,-0.03,-0.06,-0.03,-0.07,-0.05,-0.03,-0.03,-0.03,-0.04,
6.520016789873398,113,0,15
-0.04,-0.03,-0.05,-0.05,-0.04,-0.04,0.0,-0.03,-0.07,-0.04,-0.06,-0.05,-0.07,-0.04,-0.03,
6.517224051520273,68,1,15
-0.01,-0.03,-0.07,-0.06,-0.03,-0.03,-0.05,-0.05,-0.05,-0.04,-0.03,-0.05,-0.07,-0.05,-0.02,
6.499839875683529,26,23,15
-0.02,0.0,-0.06,-0.06,-0.11,-0.03,-0.04,-0.05,-0.07,-0.06,-0.02,-0.08,-0.04,-0.06,-0.02,
6.491745436248751,107,25,15
-0.05,-0.07,-0.08,-0.03,-0.06,-0.05,-0.05,-0.05,-0.08,-0.02,-0.04,-0.06,-0.07,-0.03,-0.01,
6.489133666366358,86,1,15
-0.04,-0.06,-0.08,-0.05,-0.02,-0.02,-0.06,-0.05,-0.02,-0.08,-0.06,-0.03,-0.08,-0.05,-0.04,
6.484423030290388,75,0,15
-0.04,-0.04,-0.05,-0.08,-0.06,-0.03,-0.05,-0.04,-0.06,-0.05,-0.04,-0.06,-0.05,-0.06,-0.05,
6.4806175220117614,100,0,15
-0.01,-0.06,-0.08,-0.05,-0.06,-0.08,-0.04,-0.05,-0.05,-0.03,-0.06,-0.02,-0.07,-0.05,-0.05,
6.475743757323215,3,21,15
0.0,0.01,0.02,-0.03,0.02,-0.01,-0.01,-0.04,-0.01,-0.08,-0.07,-0.13,-0.09,-0.13,-0.13,
6.46898906160293,122,0,20
0.0,-0.06,-0.03,-0.03,-0.03,0.02,-0.01,-0.03,-0.03,-0.03,-0.12,-0.09,-0.09,-0.11,-0.13,-0.14,-0.18,-0.16,-0.2,-0.27,
6.425143173122247,131,25,15
-0.03,-0.05,-0.06,-0.04,-0.06,-0.03,-0.06,-0.12,-0.06,-0.1,-0.11,-0.06,-0.06,-0.05,-0.05,
6.410103270641655,41,16,20
-0.14,-0.12,-0.11,-0.14,-0.16,-0.11,-0.11,-0.15,-0.12,-0.13,-0.12,-0.1,-0.06,-0.09,-0.12,-0.11,-0.12,-0.11,-0.12,-0.07,
6.40298959728489,40,25,15
-0.06,-0.05,-0.08,-0.08,-0.08,-0.08,-0.05,-0.12,-0.08,-0.04,-0.03,-0.09,-0.06,-0.08,-0.07,
6.39405919761811,132,1,20
-0.13,-0.11,-0.1,-0.11,-0.11,-0.11,-0.09,-0.11,-0.12,-0.12,-0.15,-0.15,-0.13,-0.11,-0.14,-0.16,-0.16,-0.13,-0.12,-0.1,
6.392356894936962,11,6,20
-0.15,-0.13,-0.09,-0.09,-0.12,-0.1,-0.1,-0.11,-0.14,-0.09,-0.12,-0.11,-0.08,-0.11,-0.12,-0.17,-0.17,-0.17,-0.12,-0.13,
6.390315164675187,33,3,15
-0.08,-0.09,-0.08,-0.08,-0.09,-0.07,-0.07,-0.1,-0.06,-0.07,-0.07,-0.06,-0.07,-0.06,-0.05,
6.385668137309889,97,2,20
-0.15,-0.13,-0.11,-0.12,-0.1,-0.12,-0.13,-0.14,-0.14,-0.16,-0.12,-0.13,-0.13,-0.12,-0.13,-0.11,-0.13,-0.09,-0.12,-0.1,
6.374669440931616,123,3,20
-0.15,-0.09,-0.02,0.02,0.09,0.1,-0.01,-0.06,-0.06,-0.15,-0.2,-0.21,-0.18,-0.19,-0.22,-0.22,-0.23,-0.25,-0.26,-0.24,
6.371424898752804,101,0,20
-0.04,-0.04,-0.06,-0.05,-0.09,-0.08,-0.04,-0.04,-0.09,-0.14,-0.14,-0.13,-0.17,-0.14,-0.15,-0.18,-0.21,-0.2,-0.24,-0.24,
6.369915502419973,13,0,15
-0.06,-0.06,-0.07,-0.08,-0.06,-0.08,-0.1,-0.08,-0.1,-0.1,-0.09,-0.07,-0.08,-0.06,-0.06,
6.361036783639252,69,0,15
-0.07,-0.09,-0.05,-0.08,-0.09,-0.08,-0.05,-0.09,-0.11,-0.1,-0.09,-0.08,-0.05,-0.07,-0.08,
6.340594406425615,32,25,15
-0.17,-0.21,-0.2,-0.23,-0.22,-0.18,-0.14,-0.09,-0.07,-0.07,0.02,0.07,0.1,0.12,0.02,
6.332516323507257,34,5,20
-0.13,-0.1,-0.11,-0.11,-0.11,-0.1,-0.06,-0.08,-0.12,-0.16,-0.16,-0.17,-0.21,-0.22,-0.21,-0.16,-0.22,-0.19,-0.2,-0.16,
6.323997020599154,76,20,20
-0.25,-0.21,-0.18,-0.16,-0.11,-0.14,-0.16,-0.12,-0.13,-0.11,-0.12,-0.11,-0.13,-0.15,-0.09,-0.08,-0.12,-0.12,-0.12,-0.1,
6.312610279260681,102,0,20
-0.07,-0.03,-0.11,0.0,-0.05,-0.05,-0.09,-0.09,-0.14,-0.15,-0.13,-0.14,-0.18,-0.2,-0.18,-0.2,-0.24,-0.23,-0.26,-0.33,
6.303912049947241,80,12,5
-0.57,-0.62,-0.68,-0.75,-0.89,
6.247423671399851,87,20,20
-0.24,-0.22,-0.2,-0.12,-0.13,-0.12,-0.14,-0.17,-0.15,-0.21,-0.19,-0.16,-0.15,-0.15,-0.17,-0.16,-0.15,-0.19,-0.24,-0.21,
6.2464891667683595,119,26,14
-0.03,-0.03,-0.02,-0.02,-0.03,-0.04,-0.01,-0.03,-0.02,-0.02,-0.01,-0.02,0.0,-0.02,
6.237350549883872,66,20,20
-0.24,-0.21,-0.24,-0.25,-0.17,-0.19,-0.24,-0.22,-0.24,-0.27,-0.2,-0.19,-0.15,-0.17,-0.17,-0.13,-0.1,-0.11,-0.11,-0.11,
6.213122521641688,44,0,14
-0.04,-0.06,0.0,-0.05,-0.03,-0.05,0.01,-0.02,0.02,-0.03,-0.05,-0.03,-0.01,-0.05,
6.212304478534144,74,18,20
0.24,0.07,-0.24,-0.31,-0.25,-0.22,-0.27,-0.31,-0.26,-0.16,-0.04,0.0,0.02,-0.02,-0.16,-0.19,-0.3,-0.28,-0.31,-0.38,
6.197987336525588,121,26,14
-0.06,-0.04,-0.02,-0.03,-0.02,-0.03,-0.03,-0.06,-0.04,0.0,-0.02,-0.02,-0.01,-0.04,
6.184339592100991,109,25,15
-0.3,-0.25,-0.24,-0.22,-0.18,-0.09,-0.12,-0.02,0.01,-0.01,-0.02,-0.06,-0.07,-0.08,-0.07,
6.17759328663483,41,0,15
-0.09,-0.1,-0.11,-0.12,-0.18,-0.14,-0.14,-0.11,-0.09,-0.08,-0.13,-0.11,-0.11,-0.14,-0.14,
6.166586602891169,8,0,14
-0.02,-0.06,-0.04,-0.03,-0.04,-0.07,-0.06,0.01,-0.04,-0.03,-0.04,-0.04,-0.05,0.0,
6.0935053852290055,46,13,20
0.31,-0.01,-0.25,-0.49,-0.56,-0.44,-0.33,-0.03,-0.27,-0.42,-0.34,-0.4,-0.47,-0.46,-0.41,-0.41,-0.31,-0.13,-0.02,-0.06,
6.084073036283431,60,5,20
0.06,-0.07,-0.2,-0.41,-0.46,0.58,0.91,1.59,0.15,0.11,-0.24,-0.48,-0.66,-0.71,-0.54,-0.23,-0.28,-0.29,-0.2,-0.24,
6.075741037941381,88,6,20
0.26,-0.02,-0.29,-0.55,-0.74,-0.42,-0.15,-0.06,-0.32,-0.52,-0.35,-0.39,-0.43,-0.33,-0.21,-0.23,-0.12,0.05,-0.11,-0.17,
6.0585128165345745,5,0,14
0.01,0.06,0.04,-0.02,-0.01,-0.11,-0.09,-0.1,-0.09,-0.09,-0.1,-0.07,-0.07,-0.01,
6.015290078851956,117,0,14
-0.07,-0.05,-0.07,-0.09,-0.03,-0.06,-0.06,-0.05,-0.07,-0.06,-0.07,-0.05,-0.04,-0.1,
5.978516152106541,32,0,20
-0.17,-0.38,-0.38,-0.3,-0.1,-0.03,-0.11,-0.33,-1.26,-0.67,-1.06,0.64,0.42,0.14,-0.13,0.05,0.07,-0.06,-0.14,-0.51,
5.969306687439913,59,0,15
-0.15,-0.13,-0.14,-0.14,-0.12,-0.11,-0.12,-0.13,-0.18,-0.15,-0.16,-0.18,-0.2,-0.22,-0.23,
5.958000429177872,102,21,5
-0.46,-0.59,-0.73,-0.79,-0.9,
5.95705107111921,132,21,19
-0.14,-0.13,-0.13,-0.15,-0.16,-0.16,-0.17,-0.19,-0.18,-0.15,-0.22,-0.18,-0.18,-0.2,-0.24,-0.21,-0.26,-0.27,-0.27,
5.864262311520775,34,35,5
-0.5,-0.54,-0.62,-0.79,-1.0,
5.821482174502154,50,27,13
0.01,-0.02,-0.04,-0.05,-0.02,-0.05,-0.04,-0.03,-0.03,-0.03,-0.03,-0.05,-0.04,
5.814655138007478,1,0,13
-0.04,-0.04,-0.01,-0.03,-0.03,-0.03,-0.02,-0.04,-0.03,-0.04,-0.03,-0.06,-0.04,
5.802408826693526,135,27,13
-0.05,-0.02,-0.03,-0.04,-0.03,-0.06,-0.04,-0.05,-0.02,-0.04,-0.06,-0.03,-0.02,
5.768252297246652,14,0,12
-0.03,-0.03,-0.01,-0.03,-0.01,-0.04,-0.02,-0.03,-0.03,-0.02,0.0,-0.02,
5.767350858647039,56,0,12
-0.04,-0.02,-0.02,0.0,-0.02,-0.02,-0.02,-0.05,0.01,-0.01,-0.02,-0.05,
5.692183883469067,104,26,14
-0.11,-0.14,-0.13,-0.11,-0.11,-0.13,-0.11,-0.12,-0.15,-0.1,-0.14,-0.12,-0.15,-0.1,
5.68742895841588,71,28,12
-0.05,-0.01,-0.03,-0.07,-0.06,-0.05,-0.01,-0.02,-0.05,-0.02,-0.03,-0.02,
5.681099634307468,7,28,12
-0.03,-0.03,-0.04,-0.06,-0.05,-0.04,-0.01,-0.06,-0.01,-0.03,-0.05,-0.02,
5.667638543811793,133,29,11
-0.03,-0.04,-0.07,-0.02,-0.02,-0.05,-0.05,-0.02,-0.06,-0.01,-0.01,
5.660676865823182,2,28,12
-0.04,-0.03,-0.02,-0.02,-0.05,-0.04,-0.02,-0.05,-0.03,-0.06,-0.04,-0.07,
5.645273524956764,106,0,12
-0.06,-0.04,-0.03,-0.03,-0.01,-0.04,-0.05,-0.04,-0.06,-0.03,-0.04,-0.06,
5.635197924577953,54,0,11
-0.04,-0.02,-0.05,-0.03,-0.01,-0.04,-0.04,-0.03,-0.05,-0.04,-0.06,
5.63206563134569,124,0,12
-0.03,-0.05,-0.05,-0.04,-0.05,-0.05,-0.04,-0.04,-0.05,-0.04,-0.03,-0.06,
5.618514552513424,120,29,11
-0.05,-0.02,-0.04,-0.06,-0.02,-0.01,-0.01,-0.08,-0.03,-0.06,-0.06,
5.605529198968865,90,30,5
0.9,0.94,0.94,0.9,0.92,
5.582925212946869,65,29,11
-0.08,-0.04,-0.09,-0.04,-0.05,-0.05,-0.03,-0.06,-0.05,-0.02,-0.03,
5.542675852686001,82,29,11
-0.07,-0.06,-0.07,-0.07,-0.05,-0.02,-0.04,-0.04,-0.03,-0.06,-0.08,
5.495260404487755,76,9,5
-0.74,-0.69,-0.58,-0.62,-0.6,
5.443514708715651,60,25,15
-0.36,-0.43,-0.48,-0.3,-0.21,-0.14,-0.06,0.02,-0.03,-0.19,-0.27,-0.33,-0.35,-0.35,-0.35,
5.308443544551326,123,23,17
-0.28,-0.26,-0.26,-0.26,-0.26,-0.29,-0.25,-0.28,-0.3,-0.37,-0.36,-0.34,-0.36,-0.43,-0.44,-0.45,-0.56,
5.247382067334254,137,0,17
-0.8,-0.61,-0.49,-0.38,-0.14,0.06,0.01,-0.17,-0.38,-0.48,-0.45,-0.47,-0.44,-0.36,-0.25,-0.27,-0.38,
5.174970732362574,16,0,10
-0.02,-0.05,-0.04,-0.01,-0.03,-0.03,-0.05,-0.02,-0.05,-0.05,
5.112645864637777,10,26,14
-0.22,-0.4,-0.89,-0.93,-0.55,-0.23,0.02,0.11,0.0,-0.02,0.02,0.04,0.04,0.04,
5.111693975342828,11,26,14
-0.15,-0.14,-0.17,-0.2,-0.21,-0.17,-0.22,-0.21,-0.27,-0.25,-0.22,-0.27,-0.28,-0.32,
5.0510459496754265,46,0,8
0.54,0.55,0.45,0.5,0.58,0.52,0.18,-0.05,
5.040503714257425,38,0,17
-0.29,-0.27,-0.29,-0.27,-0.28,-0.33,-0.29,-0.35,-0.34,-0.37,-0.34,-0.32,-0.38,-0.47,-0.58,-0.66,-0.8,
5.031784212381258,16,30,10
-0.06,-0.05,-0.02,-0.03,-0.04,-0.05,-0.07,-0.07,-0.06,-0.04,
4.999163665196171,17,0,17
-0.25,-0.27,-0.28,-0.28,-0.22,-0.3,-0.26,-0.32,-0.4,-0.41,-0.43,-0.49,-0.44,-0.44,-0.53,-0.72,-0.74,
4.988191425083653,122,20,15
-0.21,-0.25,-0.22,-0.25,-0.29,-0.27,-0.33,-0.37,-0.35,-0.39,-0.44,-0.36,-0.38,-0.47,-0.57,
4.957715275122331,18,0,8
-0.01,0.17,0.39,0.6,0.6,0.43,0.08,-0.34,
4.951711493171921,45,27,13
-0.03,-0.03,-0.05,-0.09,-0.17,-0.17,-0.24,-0.27,-0.22,-0.27,-0.26,-0.25,-0.3,
4.881453153386259,93,30,10
-0.06,-0.08,-0.08,-0.05,-0.06,-0.08,-0.06,-0.07,-0.06,-0.06,
4.866868184990936,93,0,10
-0.09,-0.08,-0.04,-0.05,-0.05,-0.03,-0.05,-0.08,-0.1,-0.07,
4.861966421236348,25,7,5
-0.48,-0.53,-0.6,-0.75,-0.96,
4.777219112540969,83,34,6
0.4,0.28,0.34,0.37,0.29,0.21,
4.695385046329135,139,0,10
-0.05,-0.07,-0.1,-0.09,-0.09,-0.11,-0.11,-0.1,-0.06,-0.09,
4.64849105666355,24,0,5
0.05,0.02,0.06,0.06,0.06,
4.637040695156952,109,0,5
1.08,1.0,0.9,0.73,0.5,
4.614211852057363,139,30,10
-0.11,-0.08,-0.12,-0.08,-0.09,-0.07,-0.1,-0.08,-0.1,-0.12,
4.580781179542554,66,10,5
-0.62,-0.63,-0.67,-0.67,-0.59,
4.575935763778506,133,0,9
-0.02,-0.04,-0.03,-0.02,-0.02,-0.04,0.01,-0.03,-0.01,
4.573136617267365,129,33,7
0.03,0.05,0.0,-0.01,0.03,0.02,0.02,
4.517884603450864,3,1,5
0.01,0.07,0.03,0.06,0.01,
4.451914670491977,120,0,9
-0.01,-0.03,-0.04,-0.02,-0.02,-0.02,-0.05,-0.05,-0.04,
4.451082149360817,26,0,8
-0.01,-0.01,0.02,-0.01,-0.01,0.01,-0.01,-0.01,
4.425662638457083,54,31,9
-0.06,-0.05,-0.03,-0.06,-0.03,-0.01,-0.03,-0.06,-0.03,
4.425076913503159,108,33,7
-0.01,0.0,-0.04,-0.01,-0.02,0.03,0.0,
4.388628316770174,125,0,15
-0.28,-0.31,-0.29,-0.3,-0.34,-0.44,-0.43,-0.44,-0.48,-0.46,-0.5,-0.6,-0.6,-0.67,-0.72,
4.351678642725064,27,32,8
0.88,0.6,0.37,0.23,0.07,-0.07,-0.08,-0.04,
4.345438738238259,56,32,8
-0.04,-0.01,-0.01,0.01,-0.06,-0.04,0.0,-0.02,
4.33678324719063,14,32,8
-0.04,-0.02,-0.01,-0.05,0.02,-0.02,-0.01,-0.04,
4.308232030375297,7,0,8
-0.01,0.01,-0.01,-0.03,-0.05,-0.04,-0.05,-0.01,
4.30040299606454,82,0,9
-0.04,-0.02,-0.06,-0.05,-0.06,-0.06,-0.06,-0.04,-0.07,
4.299372211805375,65,0,9
-0.02,-0.02,-0.04,-0.09,-0.06,-0.07,-0.04,-0.05,-0.07,
4.287436452271948,71,0,8
-0.02,-0.05,0.0,-0.06,-0.04,-0.01,-0.02,-0.04,
4.241702226527857,106,32,8
-0.04,-0.01,-0.03,-0.01,-0.08,-0.06,-0.01,-0.04,
4.219727616992579,2,0,7
-0.04,-0.03,-0.02,-0.06,-0.03,-0.03,-0.03,
4.21939513318832,1,33,7
-0.02,-0.01,-0.05,-0.05,-0.05,-0.03,-0.03,
4.2128044025223375,135,0,7
-0.04,-0.03,-0.06,-0.01,-0.03,-0.04,-0.03,
4.212671081444646,5,34,6
0.02,0.0,-0.03,-0.05,-0.01,-0.02,
4.167001199867055,119,0,6
0.0,-0.03,-0.05,-0.02,0.0,-0.03,
4.141397090343922,50,0,7
-0.03,-0.03,-0.07,-0.04,-0.04,-0.05,-0.05,
4.136564420810021,20,0,7
-0.09,-0.1,-0.09,-0.08,-0.07,-0.01,0.02,
4.096762623209859,121,0,6
0.0,-0.03,-0.03,-0.03,-0.04,-0.04,
4.076932090370764,4,2,5
-0.43,-0.51,-0.62,-0.72,-0.93,
4.074009609834599,31,29,11
-0.18,-0.14,-0.55,-0.77,-0.59,-0.34,-0.09,-0.02,0.02,0.0,-0.01,
4.070592390410004,97,22,13
-0.18,-0.17,-0.17,-0.16,-0.2,-0.24,-0.28,-0.36,-0.42,-0.52,-0.48,-0.56,-0.56,
4.063753519497403,124,32,8
-0.07,-0.05,-0.06,-0.04,-0.04,-0.07,-0.06,-0.07,
4.003758110814987,8,34,6
-0.06,-0.03,-0.04,-0.06,-0.03,-0.04,
3.9955105081480746,44,34,6
-0.03,-0.03,-0.07,-0.03,-0.05,-0.05,
3.965323147600712,43,35,5
-0.07,0.01,-0.04,0.0,-0.03,
3.9550180904102885,88,26,13
-0.31,-0.31,-0.32,-0.31,-0.36,-0.29,-0.25,-0.32,-0.3,-0.35,-0.43,-0.55,-0.74,
3.8795480514961924,78,0,5
-0.05,-0.03,-0.02,-0.03,-0.04,
3.862597580531442,117,34,6
-0.07,-0.08,-0.04,-0.06,-0.06,-0.06,
3.8573849518868766,51,0,5
-0.02,-0.04,-0.05,-0.04,-0.04,
3.8472418129552652,80,0,12
-0.22,-0.23,-0.2,-0.23,-0.27,-0.32,-0.33,-0.33,-0.37,-0.42,-0.47,-0.52,
3.817654874947273,64,35,5
-0.03,-0.07,-0.05,-0.05,-0.02,
3.77750470654267,100,35,5
-0.04,-0.04,-0.06,-0.04,-0.05,
3.773689867721597,91,0,5
-0.03,-0.05,-0.05,-0.05,-0.05,
3.68769350382907,108,13,5
-0.13,-0.11,-0.08,-0.04,0.01,
3.6740419625316196,40,0,5
-0.05,-0.02,-0.07,-0.08,-0.06,
3.625356078019186,32,20,5
-1.04,-1.01,-0.37,0.04,-0.07,
3.6001888980713526,125,25,9
-0.56,-0.3,-0.03,0.24,0.42,0.62,0.67,0.83,0.93,
3.5641299929008627,19,0,7
-0.09,-0.08,-0.12,-0.15,-0.12,-0.13,-0.12,
3.552207205829741,39,34,5
0.78,0.91,0.97,0.89,0.63,
3.5316247452050393,62,0,5
-0.09,-0.1,-0.07,-0.05,-0.08,
3.5176082793444152,27,7,10
-0.85,-0.19,0.31,0.61,0.75,0.82,0.79,0.75,0.73,0.81,
3.458878072572682,104,0,6
-0.12,-0.15,-0.13,-0.1,-0.1,-0.06,
3.4253838745714966,90,35,5
0.85,0.87,0.9,0.77,0.77,
3.423124260275365,62,25,10
-0.14,-0.12,-0.15,-0.13,-0.16,-0.17,-0.23,-0.28,-0.36,-0.39,
3.388406999331665,12,33,7
0.06,-0.22,-0.41,-0.27,-0.18,-0.02,0.03,
3.2652602001532034,45,7,5
-0.27,-0.13,-0.11,-0.04,-0.04,
2.9109404860228176,34,0,5
-0.13,-0.12,-0.16,-0.15,-0.16,
2.8009975798481688,39,24,5
0.68,0.07,-0.04,0.3,0.85,
2.675634238923622,48,35,5
-0.3,-0.24,-0.16,-0.12,-0.08,
2.467058180913068,11,1,5
-0.22,-0.21,-0.17,-0.19,-0.18,
2.4461994938427347,34,25,10
-0.23,-0.19,-0.2,-0.23,-0.26,-0.36,-0.46,-0.48,-0.46,-0.51,
2.4182302385011103,48,13,5
0.98,0.81,0.72,0.69,0.59,
2.2911021895210264,80,30,5
-0.71,-0.13,0.08,0.09,0.32,
2.2544210942290817,130,0,6
0.6,-0.32,-0.93,-0.8,-0.07,0.92,
2.2284076956749233,94,35,5
1.16,0.78,0.5,0.27,0.39,
2.037714045457253,94,2,5
0.63,0.71,0.72,0.83,1.06,
1.8720419357866598,25,0,5
-0.04,-0.14,-0.2,-0.3,-0.35,
1.660056727923332,74,0,6
0.63,0.67,0.74,0.66,0.54,0.36,
1.6155331353508258,136,0,7
-0.37,-0.43,-0.43,-0.22,-0.09,-0.23,-0.48,
1.5060293087745291,81,35,5
0.94,0.54,0.35,0.45,0.59,
1.5017287785484021,66,5,5
-0.47,-0.51,-0.56,-0.55,-0.58,
1.3785560178276368,129,12,6
0.75,0.31,-0.4,-0.64,-0.48,-0.19,
1.2974792992492548,46,33,5
-0.15,-0.23,-0.25,-0.33,-0.43,
0.7645805362830669,116,19,5
-0.62,-0.17,0.25,0.63,0.87,
0.7504328349657226,87,15,5
-0.45,-0.4,-0.35,-0.33,-0.27,
0.7148765284957103,101,20,5
-0.29,-0.26,-0.34,-0.35,-0.54,
0.6947800333832955,76,15,5
-0.49,-0.39,-0.37,-0.32,-0.26,
0.5370873234539303,66,15,5
-0.56,-0.48,-0.38,-0.31,-0.3,
0.5079692018477232,4,22,5
-0.62,-0.2,0.15,0.65,1.09,
